variant_a,variant_b,mean_a,mean_b,gap,n_seeds_a,n_seeds_b,group,dataset
gat,gatv2,0.6896640062332153,0.6871997117996216,0.00246429443359375,1,1,conv_type,set_01
bandit,dqn,0.9869400262832642,0.98647540807724,0.0004646182060241699,1,1,fusion,set_01
mlp,bandit,0.9884816408157349,0.9869400262832642,0.0015416145324707031,1,1,fusion,set_01
mlp,dqn,0.9884816408157349,0.98647540807724,0.002006232738494873,1,1,fusion,set_01
weighted_ce,focal,0.6916482448577881,0.689330518245697,0.0023177266120910645,1,1,gat_loss,set_01
ce,weighted_ce,0.6941876411437988,0.6916482448577881,0.002539396286010742,1,1,gat_loss,set_01
ce,focal,0.6941876411437988,0.689330518245697,0.004857122898101807,1,1,gat_loss,set_01
curriculum_random,curriculum_vgae,0.49112439155578613,0.4876596927642822,0.0034646987915039062,1,1,gat_sampling,set_01
