metric,value
optimal_threshold,0.04353594034910202
youden_j,0.7199488114127952
f1,0.5707196029776674
auc,0.9385417638938698
