{
  "input_0x1A0": {
    "x": 2.192910377801497,
    "y": -0.09625932914708239
  },
  "input_0x2B3": {
    "x": 2.5177406399612434,
    "y": -0.7380464614084798
  },
  "input_0x3C1": {
    "x": 1.5,
    "y": -0.345190616855939
  },
  "input_0x4D5": {
    "x": 1.9114610385828072,
    "y": 0.6973346343465037
  },
  "input_0x5E2": {
    "x": 3.0,
    "y": 0.48216177306499763
  },
  "vgae_t_e0_0": {
    "x": 5.0,
    "y": 2.0
  },
  "vgae_t_e0_1": {
    "x": 5.6000000000000005,
    "y": 2.0
  },
  "vgae_t_e0_2": {
    "x": 6.2,
    "y": 2.0
  },
  "vgae_t_e0_3": {
    "x": 6.8,
    "y": 2.0
  },
  "vgae_t_e0_4": {
    "x": 7.4,
    "y": 2.0
  },
  "vgae_t_e1_0": {
    "x": 5.6000000000000005,
    "y": 1.0
  },
  "vgae_t_e1_1": {
    "x": 6.2,
    "y": 1.0
  },
  "vgae_t_e1_2": {
    "x": 6.8,
    "y": 1.0
  },
  "vgae_t_mu_\u03bc\u2081": {
    "x": 4.5,
    "y": 0.0
  },
  "vgae_t_mu_\u03bc\u2082": {
    "x": 5.1,
    "y": 0.0
  },
  "vgae_t_mu_\u03bc\u2083": {
    "x": 5.7,
    "y": 0.0
  },
  "vgae_t_si_\u03c3\u2081": {
    "x": 6.7,
    "y": 0.0
  },
  "vgae_t_si_\u03c3\u2082": {
    "x": 7.3,
    "y": 0.0
  },
  "vgae_t_si_\u03c3\u2083": {
    "x": 7.9,
    "y": 0.0
  },
  "vgae_t_z_z\u2081": {
    "x": 5.6000000000000005,
    "y": -1.0
  },
  "vgae_t_z_z\u2082": {
    "x": 6.2,
    "y": -1.0
  },
  "vgae_t_z_z\u2083": {
    "x": 6.8,
    "y": -1.0
  },
  "vgae_t_dec": {
    "x": 6.2,
    "y": -2.0
  },
  "vgae_t_ro_0": {
    "x": 5.0,
    "y": -3.0
  },
  "vgae_t_ro_1": {
    "x": 5.6000000000000005,
    "y": -3.0
  },
  "vgae_t_ro_2": {
    "x": 6.2,
    "y": -3.0
  },
  "vgae_t_ro_3": {
    "x": 6.8,
    "y": -3.0
  },
  "vgae_t_ro_4": {
    "x": 7.4,
    "y": -3.0
  },
  "gat_t_L0_0": {
    "x": 9.4,
    "y": 2.0
  },
  "gat_t_L0_1": {
    "x": 10.0,
    "y": 2.0
  },
  "gat_t_L0_2": {
    "x": 10.6,
    "y": 2.0
  },
  "gat_t_L0_3": {
    "x": 11.2,
    "y": 2.0
  },
  "gat_t_L0_4": {
    "x": 11.799999999999999,
    "y": 2.0
  },
  "gat_t_L1_0": {
    "x": 9.4,
    "y": 1.0
  },
  "gat_t_L1_1": {
    "x": 10.0,
    "y": 1.0
  },
  "gat_t_L1_2": {
    "x": 10.6,
    "y": 1.0
  },
  "gat_t_L1_3": {
    "x": 11.2,
    "y": 1.0
  },
  "gat_t_L1_4": {
    "x": 11.799999999999999,
    "y": 1.0
  },
  "gat_t_L2_0": {
    "x": 9.4,
    "y": 0.0
  },
  "gat_t_L2_1": {
    "x": 10.0,
    "y": 0.0
  },
  "gat_t_L2_2": {
    "x": 10.6,
    "y": 0.0
  },
  "gat_t_L2_3": {
    "x": 11.2,
    "y": 0.0
  },
  "gat_t_L2_4": {
    "x": 11.799999999999999,
    "y": 0.0
  },
  "gat_t_jk": {
    "x": 10.6,
    "y": -1.0
  },
  "gat_t_fc": {
    "x": 10.6,
    "y": -2.0
  },
  "dqn": {
    "x": 13.299999999999999,
    "y": 0.0
  },
  "output": {
    "x": 14.799999999999999,
    "y": 0.0
  },
  "vgae_s_e0_0": {
    "x": 5.6000000000000005,
    "y": -5.0
  },
  "vgae_s_e0_1": {
    "x": 6.2,
    "y": -5.0
  },
  "vgae_s_e0_2": {
    "x": 6.8,
    "y": -5.0
  },
  "vgae_s_e1_0": {
    "x": 5.9,
    "y": -6.0
  },
  "vgae_s_e1_1": {
    "x": 6.5,
    "y": -6.0
  },
  "vgae_s_mu_\u03bc\u2081": {
    "x": 5.1,
    "y": -7.0
  },
  "vgae_s_mu_\u03bc\u2082": {
    "x": 5.7,
    "y": -7.0
  },
  "vgae_s_si_\u03c3\u2081": {
    "x": 6.7,
    "y": -7.0
  },
  "vgae_s_si_\u03c3\u2082": {
    "x": 7.3,
    "y": -7.0
  },
  "vgae_s_z_z\u2081": {
    "x": 5.9,
    "y": -8.0
  },
  "vgae_s_z_z\u2082": {
    "x": 6.5,
    "y": -8.0
  },
  "vgae_s_dec": {
    "x": 6.2,
    "y": -9.0
  },
  "vgae_s_ro_0": {
    "x": 5.6000000000000005,
    "y": -10.0
  },
  "vgae_s_ro_1": {
    "x": 6.2,
    "y": -10.0
  },
  "vgae_s_ro_2": {
    "x": 6.8,
    "y": -10.0
  },
  "gat_s_L0_0": {
    "x": 10.0,
    "y": -4.0
  },
  "gat_s_L0_1": {
    "x": 10.6,
    "y": -4.0
  },
  "gat_s_L0_2": {
    "x": 11.2,
    "y": -4.0
  },
  "gat_s_L1_0": {
    "x": 10.0,
    "y": -5.0
  },
  "gat_s_L1_1": {
    "x": 10.6,
    "y": -5.0
  },
  "gat_s_L1_2": {
    "x": 11.2,
    "y": -5.0
  },
  "gat_s_jk": {
    "x": 10.6,
    "y": -6.0
  },
  "gat_s_fc": {
    "x": 10.6,
    "y": -7.0
  }
}